{"X":5,"Y":5,"Id":"117AG4PYEKXPY3ISUEK9","HeightMap":[0.0,0.8000001,0.1,1.50000024,0.0,0.0,0.1,1.40000021,0.9000001,1.40000021,1.20000017,0.0,0.4,0.0,0.700000048,1.30000019,2.3,0.0,0.3,0.3,1.20000017,1.30000019,3.79999852,0.0,0.0,1.00000012,0.9000001,1.10000014,2.3,0.0,0.0,0.0,0.0,0.0,0.0,0.0]}